notebook,cell_id,cell_type,src_lang,src_hash,text_fr,text_en,text_es,text_ar,text_fa,text_zh,text_ru,text_pt,hash_fr,hash_en,hash_es,hash_ar,hash_fa,hash_zh,hash_ru,hash_pt
MyIA.AI.Notebooks/QuantConnect/partner-course-quant-trading/examples/Sector-Momentum/deep_research_optimization.ipynb,66fac460,markdown,fr,6ac3774a0ad9a6a8,"# Deep Research: Sector Momentum Optimization

## Objective
Maximize Sharpe ratio for the Sector Momentum strategy.

## Strategy Overview
- **Assets**: 9 sector ETFs (XLK, XLF, XLV, XLY, XLP, XLE, XLB, XLU, XLRE)
- **Signal**: Dual momentum (relative strength + absolute momentum)
- **Rebalancing**: Monthly rotation to top-performing sectors
- **Risk Management**: VIX filter to skip rebalancing in high volatility

## Current Parameters
- `lookback_period`: 126 days (6 months)
- `vix_threshold`: 25 (skip rebalancing if VIX > 25)
- `leverage`: 1.5x

## Research Questions
1. What is the optimal lookback period for momentum calculation?
2. Should the VIX threshold be dynamic (percentile-based)?
3. What leverage maximizes risk-adjusted returns?
4. How many sectors should we hold (diversification vs concentration)?",,,,,,,,6ac3774a0ad9a6a8,,,,,,,
MyIA.AI.Notebooks/QuantConnect/partner-course-quant-trading/examples/Sector-Momentum/deep_research_optimization.ipynb,a46828bc,code,fr,1ce0449ce0e4c709,"import numpy as np
import pandas as pd
import matplotlib.pyplot as plt
import sys
sys.path.insert(0, '../../../shared')
from data_cache import get_yf_data

# Sector ETFs
SECTORS = {
    'XLK': 'Technology',
    'XLF': 'Financial',
    'XLV': 'Healthcare',
    'XLY': 'Consumer Discretionary',
    'XLP': 'Consumer Staples',
    'XLE': 'Energy',
    'XLB': 'Materials',
    'XLU': 'Utilities',
    'XLRE': 'Real Estate'
}

print(f""Sector Universe: {len(SECTORS)} ETFs"")",,,,,,,,1ce0449ce0e4c709,,,,,,,
MyIA.AI.Notebooks/QuantConnect/partner-course-quant-trading/examples/Sector-Momentum/deep_research_optimization.ipynb,ea7ab798,markdown,fr,2b7a930d3f5050fd,"Téléchargement des données historiques des ETFs sectoriels (XLK, XLF, XLE, XLV, XLI, etc.) via yfinance depuis 2010 pour le backtest Sector-Momentum.",,,,,,,,2b7a930d3f5050fd,,,,,,,
MyIA.AI.Notebooks/QuantConnect/partner-course-quant-trading/examples/Sector-Momentum/deep_research_optimization.ipynb,faf9fe11,code,fr,8bc2370e10581b5b,"# Download data with cache
print(""Loading sector data..."")
sector_data = {}
for etf in SECTORS.keys():
    try:
        sector_data[etf] = get_yf_data(etf, ""2010-01-01"", ""2025-02-18"")
    except Exception as e:
        print(f""  {etf}: skip ({e})"")

# Download VIX
vix_close = get_yf_data(""^VIX"", ""2010-01-01"", ""2025-02-18"")

print(f""\nVIX: {len(vix_close)} days"")
print(f""Sectors loaded: {len(sector_data)}"")",,,,,,,,8bc2370e10581b5b,,,,,,,
MyIA.AI.Notebooks/QuantConnect/partner-course-quant-trading/examples/Sector-Momentum/deep_research_optimization.ipynb,6b8b3c7e,markdown,fr,b70b26af91fba9f5,"Analyse statistique du VIX (moyenne, médiane, percentiles 75/90) pour calibrer le filtre de volatilité de la stratégie Sector-Momentum.",,,,,,,,b70b26af91fba9f5,,,,,,,
MyIA.AI.Notebooks/QuantConnect/partner-course-quant-trading/examples/Sector-Momentum/deep_research_optimization.ipynb,f1ef90af,code,fr,c4d02d06a381e857,"# Analyze VIX for filter optimization
print(""VIX Statistics:"")
print(f""  Mean: {vix_close.mean():.2f}"")
print(f""  Median: {vix_close.median():.2f}"")
print(f""  Std: {vix_close.std():.2f}"")
print(f""  75th percentile: {vix_close.quantile(0.75):.2f}"")
print(f""  90th percentile: {vix_close.quantile(0.9):.2f}"")

# Days above different thresholds
for threshold in [20, 25, 30]:
    high_vix_days = (vix_close > threshold).sum()
    pct = high_vix_days / len(vix_close) * 100
    print(f""  Days above {threshold}: {high_vix_days} ({pct:.1f}%)"")",,,,,,,,c4d02d06a381e857,,,,,,,
MyIA.AI.Notebooks/QuantConnect/partner-course-quant-trading/examples/Sector-Momentum/deep_research_optimization.ipynb,afaaafbf,markdown,fr,1344616724b456f7,Le facteur momentum est calculé sur les rendements passés pour classer et sélectionner les actifs de la stratégie Sector-Momentum.,,,,,,,,1344616724b456f7,,,,,,,
MyIA.AI.Notebooks/QuantConnect/partner-course-quant-trading/examples/Sector-Momentum/deep_research_optimization.ipynb,4d0544d6,code,fr,87c66ec2fe8bf1e5,"# Calculate momentum signals
def calculate_momentum(prices, lookback=126):
    """"""
    Calculate momentum score for each sector.

    Momentum = (price / price_lookback_ago - 1) / volatility
    This is risk-adjusted momentum.
    """"""
    momentum = pd.DataFrame(index=prices[list(prices.keys())[0]].index)
    
    for etf, data in prices.items():
        # Total return over lookback period
        total_return = data.pct_change(lookback)
        
        # Volatility (annualized)
        vol = data.pct_change().rolling(lookback//2).std() * np.sqrt(252)
        
        # Risk-adjusted momentum
        momentum[etf] = total_return / vol
    
    return momentum

# Test with current parameters
momentum_126 = calculate_momentum(sector_data, lookback=126)
print(""Momentum scores (latest date):"")
print(momentum_126.iloc[-1].sort_values(ascending=False))

# Count how often each sector is top-performing
# drop rows where ALL sectors are NaN (e.g. XLRE has shorter history)
top_counts = momentum_126.dropna(how='all').idxmax(axis=1).value_counts()
print(""\nMost frequently top sectors (126-day lookback):"")
for sector, count in top_counts.items():
    print(f""  {SECTORS.get(sector, sector)}: {count} times"")",,,,,,,,87c66ec2fe8bf1e5,,,,,,,
MyIA.AI.Notebooks/QuantConnect/partner-course-quant-trading/examples/Sector-Momentum/deep_research_optimization.ipynb,5aaedb66,markdown,fr,787b785edb0a2b38,"Les ratios (Sharpe, drawdown) sont calculés à partir des rendements du backtest pour évaluer la qualité de la stratégie Sector-Momentum.",,,,,,,,787b785edb0a2b38,,,,,,,
MyIA.AI.Notebooks/QuantConnect/partner-course-quant-trading/examples/Sector-Momentum/deep_research_optimization.ipynb,1c22d59e,code,fr,4d33aa2c695c831c,"# Backtest sector momentum strategy (numpy-optimized)
def backtest_sector_momentum(sector_data, vix_data,
                              lookback=126,
                              vix_threshold=25,
                              leverage=1.5,
                              top_n=3,
                              rebalance_freq='ME',
                              _momentum=None):
    """"""
    Backtest dual momentum sector rotation.

    - Select top_n sectors by risk-adjusted momentum
    - Skip rebalancing if VIX > threshold
    - Apply leverage to returns
    """"""
    prices = pd.DataFrame(sector_data)

    if isinstance(vix_data, pd.Series):
        vix_daily = vix_data
    else:
        vix_daily = vix_data['Close']

    returns = prices.pct_change()
    ret_values = returns.values
    n_days, n_sectors = ret_values.shape

    if _momentum is not None:
        momentum = _momentum
    else:
        momentum = calculate_momentum(prices, lookback=lookback)
    mom_values = momentum.values

    # Rebalancing months as set for O(1) lookup
    if rebalance_freq == 'ME':
        rebal_dates = pd.date_range(start=prices.index[0], end=prices.index[-1], freq='ME')
    elif rebalance_freq == 'QE':
        rebal_dates = pd.date_range(start=prices.index[0], end=prices.index[-1], freq='QE')
    else:
        rebal_dates = pd.date_range(start=prices.index[0], end=prices.index[-1], freq='MS')
    rebal_months = set((d.year, d.month) for d in rebal_dates)
    dates_ym = [(d.year, d.month) for d in prices.index]

    # Pre-align VIX
    vix_aligned = vix_daily.reindex(prices.index).ffill().values

    current_indices = None
    strategy_returns = np.zeros(n_days)

    for i in range(1, n_days):
        if dates_ym[i] in rebal_months:
            if vix_aligned[i] <= vix_threshold:
                row = mom_values[i]
                valid_mask = ~np.isnan(row)
                if valid_mask.sum() >= top_n:
                    valid_idx = np.where(valid_mask)[0]
                    valid_vals = row[valid_mask]
                    top_local = np.argpartition(valid_vals, -top_n)[-top_n:]
                    current_indices = valid_idx[top_local]
        if current_indices is not None:
            strategy_returns[i] = ret_values[i, current_indices].mean() * leverage

    strategy_returns = strategy_returns[lookback:]

    sharpe = np.sqrt(252) * np.mean(strategy_returns) / np.std(strategy_returns) if np.std(strategy_returns) > 0 else 0
    total_return = np.sum(1 + strategy_returns)
    cum_ret = np.cumsum(strategy_returns)
    running_max = np.maximum.accumulate(cum_ret)
    with np.errstate(divide='ignore', invalid='ignore'):
        drawdowns = np.where(running_max != 0, cum_ret / running_max - 1, 0)
    max_dd = np.min(drawdowns) if len(drawdowns) > 0 else 0

    return {
        'sharpe': sharpe,
        'total_return': total_return,
        'max_drawdown': max_dd
    }

# Test current parameters
result = backtest_sector_momentum(sector_data, vix_close, lookback=126, vix_threshold=25, leverage=1.5)
print(""Current Parameters (lookback=126, vix=25, leverage=1.5):"")
print(f""  Sharpe: {result['sharpe']:.3f}"")
print(f""  Total Return: {result['total_return']*100:.1f}%"")
print(f""  Max Drawdown: {result['max_drawdown']*100:.1f}%"")",,,,,,,,4d33aa2c695c831c,,,,,,,
MyIA.AI.Notebooks/QuantConnect/partner-course-quant-trading/examples/Sector-Momentum/deep_research_optimization.ipynb,eb08467b,markdown,fr,fb3addde50cf5a94,"Les métriques de performance (Sharpe, CAGR, drawdown) sont agrégées sur les résultats de l'optimisation pour identifier les configurations Pareto-optimales.",,,,,,,,fb3addde50cf5a94,,,,,,,
MyIA.AI.Notebooks/QuantConnect/partner-course-quant-trading/examples/Sector-Momentum/deep_research_optimization.ipynb,080a2bd8,code,fr,940e4e54c144498e,"# Grid search for optimal parameters
def grid_search_sector_momentum(sector_data, vix_data):
    results = []
    lookback_values = [63, 90, 126, 180, 252]

    # Pre-compute momentum for each lookback (5 instead of 320)
    print(""Pre-computing momentum signals..."")
    momentum_cache = {}
    prices_df = pd.DataFrame(sector_data)
    for lb in lookback_values:
        momentum_cache[lb] = calculate_momentum(prices_df, lookback=lb)
    print(f""  Computed {len(lookback_values)} momentum frames"")

    print(""Running grid search (320 combinations)..."")
    count = 0
    for lookback in lookback_values:
        for vix_thresh in [20, 25, 30, 35]:
            for leverage in [1.0, 1.25, 1.5, 2.0]:
                for top_n in [2, 3, 4, 5]:
                    result = backtest_sector_momentum(
                        sector_data, vix_data,
                        lookback=lookback,
                        vix_threshold=vix_thresh,
                        leverage=leverage,
                        top_n=top_n,
                        _momentum=momentum_cache[lookback]
                    )

                    if result:
                        results.append({
                            'lookback': lookback,
                            'vix_threshold': vix_thresh,
                            'leverage': leverage,
                            'top_n': top_n,
                            'sharpe': result['sharpe'],
                            'total_return': result['total_return'],
                            'max_drawdown': result['max_drawdown']
                        })
                    count += 1
        print(f""  lookback={lookback}: {count}/320 done"")

    return pd.DataFrame(results)

grid_results = grid_search_sector_momentum(sector_data, vix_close)
grid_results = grid_results.sort_values('sharpe', ascending=False)

print(""\nTop 15 Parameter Combinations:"")
print(grid_results.head(15).to_string())",,,,,,,,940e4e54c144498e,,,,,,,
MyIA.AI.Notebooks/QuantConnect/partner-course-quant-trading/examples/Sector-Momentum/deep_research_optimization.ipynb,9ac7cfa8,markdown,fr,041bc7bd8eca3c76,"## Research Findings & Recommendations

### Analysis Summary
Based on the grid search:

1. **Optimal Lookback**: The sweet spot for momentum calculation period
2. **VIX Threshold**: Balances risk reduction vs. opportunity cost
3. **Leverage**: Higher leverage increases returns but also drawdown
4. **Top N Sectors**: Diversification vs. concentration trade-off

### Recommended Parameters

```python
# In main.py or Alpha model
LOOKBACK_PERIOD = <VALUE>  # From grid search
VIX_THRESHOLD = <VALUE>  # From grid search
LEVERAGE = <VALUE>  # From grid search
TOP_N_SECTORS = <VALUE>  # From grid search
```",,,,,,,,041bc7bd8eca3c76,,,,,,,
MyIA.AI.Notebooks/QuantConnect/partner-course-quant-trading/examples/Sector-Momentum/research_robustness.ipynb,d9361768,markdown,fr,b870983801451c27,"# Why 7 Months of Bull Market is NOT a Valid Backtest

## Le probleme du Sharpe gonflé

La strategie Sector-Momentum affiche actuellement un **Sharpe de 2.53** sur la periode 2024-01-01 → 2024-07-20.

### Pourquoi ce chiffre est trompeur:

1. **7 mois seulement** - periode trop courte pour capturer differents regimes de marche
2. **Bull market pur** - la periode coincide avec le rallye AI de 2024 (NVDA, tech mega-caps)
3. **Leverage 2x** - amplifie les gains en bull... mais catastrophique en bear
4. **Momentum factor crashes** - le momentum est connu pour subir des crashs violents lors de reversals (2020 COVID, 2022 inflation)

### Ce que nous allons decouvrir:

- **Extension 2015-2025**: Sharpe attendu → 0.5-0.8 (chute de 70%)
- **2022 bear market**: drawdown catastrophique avec leverage 2x
- **Regime analysis**: momentum fonctionne en tendance, explose en reversal
- **Leverage sensitivity**: 2x vs 1.5x vs 1x sur differents regimes

**Conclusion pedagogique**: Un backtest de 7 mois en bull market n'a aucune valeur predictive.",,,,,,,,b870983801451c27,,,,,,,
MyIA.AI.Notebooks/QuantConnect/partner-course-quant-trading/examples/Sector-Momentum/research_robustness.ipynb,2a44d004,code,fr,5e2740964a42538d,"# Setup et chargement des donnees (version standalone avec cache)
import pandas as pd
import numpy as np
from datetime import datetime
import matplotlib.pyplot as plt
import seaborn as sns
import warnings
import sys
sys.path.insert(0, '../../../shared')
from data_cache import get_yf_batch
warnings.filterwarnings('ignore')

# Configuration matplotlib
sns.set_style('darkgrid')

# Sector ETFs comme proxy pour les secteurs SPY
sector_etfs = {
    'XLK': 'Technology',
    'XLF': 'Financials',
    'XLE': 'Energy',
    'XLV': 'Healthcare',
    'XLI': 'Industrials',
    'XLU': 'Utilities',
    'XLY': 'Consumer Discretionary',
    'XLP': 'Consumer Staples',
    'XLC': 'Communication',  # Cree en 2018
    'XLRE': 'Real Estate'     # Cree en 2015
}

# Liste des tickers a charger (secteurs + SPY)
tickers = ['SPY'] + list(sector_etfs.keys())

# Charger historique 2015-01-01 -> maintenant via cache
start_date = '2015-01-01'
end_date = datetime.now().strftime('%Y-%m-%d')

print(f""Chargement des donnees: {start_date} -> {end_date}"")
print(f""Tickers: {', '.join(tickers)}"")

# Download data with cache
prices = get_yf_batch(tickers, start=start_date, end=end_date)

# Drop rows with any NaN values
prices = prices.dropna()

print(f""\nDonnees chargees: {len(prices)} jours"")
print(f""Periode: {prices.index.min().date()} -> {prices.index.max().date()}"")
print(f""\nSector ETFs disponibles:"")
for ticker in prices.columns:
    first_date = prices[ticker].first_valid_index()
    last_date = prices[ticker].last_valid_index()
    non_null = prices[ticker].notna().sum()
    print(f""  {ticker}: {first_date.date()} -> {last_date.date()} ({non_null} jours)"")",,,,,,,,5e2740964a42538d,,,,,,,
MyIA.AI.Notebooks/QuantConnect/partner-course-quant-trading/examples/Sector-Momentum/research_robustness.ipynb,a69be2f9,markdown,fr,4c7267764703dc06,Les régimes de volatilité (faible/élevée) sont identifiés pour adapter dynamiquement l'exposition de la stratégie Sector-Momentum.,,,,,,,,4c7267764703dc06,,,,,,,
MyIA.AI.Notebooks/QuantConnect/partner-course-quant-trading/examples/Sector-Momentum/research_robustness.ipynb,2c205053,code,fr,d578959d661356cd,"# Detection des regimes de marche et calcul du momentum hebdomadaire

# SPY regime detection (simple: SMA200)
spy_prices = prices['SPY']
spy_sma200 = spy_prices.rolling(window=200).mean()
spy_regime = (spy_prices > spy_sma200).astype(int)  # 1 = bull, 0 = bear

# Momentum hebdomadaire pour chaque secteur
# Resample a weekly, calculer returns
weekly_prices = prices.resample('W-FRI').last()  # Vendredi comme anchor
weekly_returns = weekly_prices.pct_change()

# Momentum = return de la semaine precedente (simple)
weekly_momentum = weekly_returns.shift(1)  # Lag 1 week pour eviter look-ahead bias

print(f""Donnees hebdomadaires: {len(weekly_prices)} semaines"")
print(f""\nPremiers 5 momentum hebdomadaires:"")
print(weekly_momentum.head())

# Identifier les regimes par periode
regime_periods = {
    '2015-2019 (Bull)': (datetime(2015, 1, 1), datetime(2019, 12, 31)),
    '2020 (COVID)': (datetime(2020, 1, 1), datetime(2020, 12, 31)),
    '2021 (Recovery)': (datetime(2021, 1, 1), datetime(2021, 12, 31)),
    '2022 (Bear)': (datetime(2022, 1, 1), datetime(2022, 12, 31)),
    '2023-2025 (AI Bull)': (datetime(2023, 1, 1), datetime(2025, 12, 31)),
}

# Stats par regime
print(""\n"" + ""=""*60)
print(""SPY Performance par Regime"")
print(""=""*60)
for period_name, (start, end) in regime_periods.items():
    mask = (spy_prices.index >= start) & (spy_prices.index <= end)
    if mask.sum() > 0:
        period_prices = spy_prices[mask]
        total_return = (period_prices.iloc[-1] / period_prices.iloc[0]) - 1
        volatility = period_prices.pct_change().std() * np.sqrt(252)
        print(f""{period_name:20s}: Return {total_return:+7.1%}, Vol {volatility:5.1%}"")",,,,,,,,d578959d661356cd,,,,,,,
MyIA.AI.Notebooks/QuantConnect/partner-course-quant-trading/examples/Sector-Momentum/research_robustness.ipynb,750ead53,markdown,fr,80e12838d93d8bf6,"Les ratios (Sharpe, drawdown) sont calculés sur plusieurs fenêtres de backtest pour évaluer la robustesse de la stratégie Sector-Momentum.",,,,,,,,80e12838d93d8bf6,,,,,,,
MyIA.AI.Notebooks/QuantConnect/partner-course-quant-trading/examples/Sector-Momentum/research_robustness.ipynb,654ce44b,code,fr,3e08aeb441c6c52f,"# Backtest vectorise: Sector Momentum avec leverage variable

def sector_momentum_backtest(weekly_returns, weekly_momentum, leverage=2.0, min_sectors=1):
    """"""
    Backtest simplifie de sector momentum:
    - Chaque semaine: selectionner secteurs avec momentum positif
    - Equal weight parmi les secteurs selectionnes
    - Appliquer leverage multiplier
    
    Args:
        weekly_returns: DataFrame des returns hebdomadaires
        weekly_momentum: DataFrame du momentum (lagged returns)
        leverage: multiplicateur de leverage (1.0, 1.5, 2.0)
        min_sectors: nombre minimum de secteurs a selectionner
    
    Returns:
        dict avec metriques de performance
    """"""
    # Drop SPY de l'analyse (on ne trade que les secteurs)
    sector_returns = weekly_returns.drop('SPY', axis=1, errors='ignore')
    sector_momentum = weekly_momentum.drop('SPY', axis=1, errors='ignore')
    
    portfolio_returns = []
    selected_counts = []
    
    for i in range(len(sector_returns)):
        if i == 0:
            portfolio_returns.append(0)  # Pas de momentum dispo pour semaine 0
            selected_counts.append(0)
            continue
            
        # Momentum de la semaine precedente
        prev_momentum = sector_momentum.iloc[i]
        
        # Selectionner secteurs avec momentum positif
        selected = prev_momentum[prev_momentum > 0].dropna().index
        
        if len(selected) < min_sectors:
            # Si pas assez de secteurs positifs, rester cash
            portfolio_returns.append(0)
            selected_counts.append(0)
            continue
        
        # Equal weight parmi secteurs selectionnes, avec leverage
        weight_per_sector = leverage / len(selected)
        week_return = (sector_returns.iloc[i][selected] * weight_per_sector).sum()
        
        portfolio_returns.append(week_return)
        selected_counts.append(len(selected))
    
    # Convertir en numpy array
    returns_arr = np.array(portfolio_returns)
    
    # Calculer metriques
    mean_return = returns_arr.mean()
    std_return = returns_arr.std()
    sharpe = (mean_return / std_return) * np.sqrt(52) if std_return > 0 else 0
    
    # Cumulative returns et drawdown
    cum_returns = np.cumprod(1 + returns_arr)
    running_max = np.maximum.accumulate(cum_returns)
    drawdown = (cum_returns / running_max) - 1
    max_drawdown = drawdown.min()
    
    total_return = cum_returns[-1] - 1
    years = len(returns_arr) / 52
    cagr = (cum_returns[-1]) ** (1/years) - 1 if years > 0 else 0
    
    avg_sectors = np.mean([c for c in selected_counts if c > 0])
    
    return {
        'sharpe': round(sharpe, 3),
        'cagr': round(cagr, 3),
        'total_return': round(total_return, 3),
        'max_drawdown': round(max_drawdown, 3),
        'volatility': round(std_return * np.sqrt(52), 3),
        'avg_sectors_selected': round(avg_sectors, 1),
        'cum_returns': cum_returns,
        'drawdown': drawdown
    }

# Tester avec leverage 2x (config actuelle)
print(""Backtest avec Leverage 2x (config actuelle)"")
print(""=""*60)
results_2x = sector_momentum_backtest(weekly_returns, weekly_momentum, leverage=2.0)
for key, value in results_2x.items():
    if key not in ['cum_returns', 'drawdown']:
        print(f""{key:25s}: {value}"")

print(""\n"" + ""=""*60)
print(""OBSERVATION: Le Sharpe REEL sur 10 ans est bien inferieur a 2.53!"")
print(""=""*60)",,,,,,,,3e08aeb441c6c52f,,,,,,,
MyIA.AI.Notebooks/QuantConnect/partner-course-quant-trading/examples/Sector-Momentum/research_robustness.ipynb,ed89bfec,markdown,fr,4ae1192f83c5f34c,La courbe de rendement cumulatif et les périodes de drawdown de la stratégie Sector-Momentum sont affichées pour l'analyse du risque.,,,,,,,,4ae1192f83c5f34c,,,,,,,
MyIA.AI.Notebooks/QuantConnect/partner-course-quant-trading/examples/Sector-Momentum/research_robustness.ipynb,6712f99a,code,fr,eb19a2d957e1f86d,"# Analyse de sensibilite au leverage par regime

leverage_levels = [1.0, 1.5, 2.0]
regime_results = {}

print(""Analyse de Sensibilite au Leverage par Regime"")
print(""=""*80)

for period_name, (start, end) in regime_periods.items():
    # Filtrer les donnees pour cette periode
    mask = (weekly_returns.index >= start) & (weekly_returns.index <= end)
    if mask.sum() < 10:  # Skip si pas assez de donnees
        continue
    
    period_returns = weekly_returns[mask]
    period_momentum = weekly_momentum[mask]
    
    print(f""\n{period_name}"")
    print(""-"" * 80)
    
    regime_results[period_name] = {}
    
    for lev in leverage_levels:
        results = sector_momentum_backtest(period_returns, period_momentum, leverage=lev)
        regime_results[period_name][lev] = results
        
        print(f""  Leverage {lev}x: Sharpe {results['sharpe']:6.2f}, ""
              f""Total Return {results['total_return']:+7.1%}, ""
              f""Max DD {results['max_drawdown']:7.1%}"")

# Visualisation comparative
fig, axes = plt.subplots(2, 2, figsize=(15, 10))
fig.suptitle('Impact du Leverage par Regime de Marche', fontsize=16)

# Plot 1: Sharpe par regime et leverage
sharpe_data = []
for period_name in regime_results.keys():
    for lev in leverage_levels:
        sharpe_data.append({
            'Regime': period_name.split('(')[1].rstrip(')'),
            'Leverage': f""{lev}x"",
            'Sharpe': regime_results[period_name][lev]['sharpe']
        })
sharpe_df = pd.DataFrame(sharpe_data)
sharpe_pivot = sharpe_df.pivot(index='Regime', columns='Leverage', values='Sharpe')
sharpe_pivot.plot(kind='bar', ax=axes[0, 0])
axes[0, 0].set_title('Sharpe Ratio par Regime')
axes[0, 0].set_ylabel('Sharpe')
axes[0, 0].axhline(y=0, color='black', linestyle='--', linewidth=0.5)
axes[0, 0].legend(title='Leverage')

# Plot 2: Max Drawdown par regime et leverage
dd_data = []
for period_name in regime_results.keys():
    for lev in leverage_levels:
        dd_data.append({
            'Regime': period_name.split('(')[1].rstrip(')'),
            'Leverage': f""{lev}x"",
            'Max DD': regime_results[period_name][lev]['max_drawdown'] * 100
        })
dd_df = pd.DataFrame(dd_data)
dd_pivot = dd_df.pivot(index='Regime', columns='Leverage', values='Max DD')
dd_pivot.plot(kind='bar', ax=axes[0, 1], color=['green', 'orange', 'red'])
axes[0, 1].set_title('Max Drawdown par Regime (%)')
axes[0, 1].set_ylabel('Max DD (%)')
axes[0, 1].legend(title='Leverage')

# Plot 3: Total Return par regime et leverage
ret_data = []
for period_name in regime_results.keys():
    for lev in leverage_levels:
        ret_data.append({
            'Regime': period_name.split('(')[1].rstrip(')'),
            'Leverage': f""{lev}x"",
            'Total Return': regime_results[period_name][lev]['total_return'] * 100
        })
ret_df = pd.DataFrame(ret_data)
ret_pivot = ret_df.pivot(index='Regime', columns='Leverage', values='Total Return')
ret_pivot.plot(kind='bar', ax=axes[1, 0])
axes[1, 0].set_title('Total Return par Regime (%)')
axes[1, 0].set_ylabel('Total Return (%)')
axes[1, 0].axhline(y=0, color='black', linestyle='--', linewidth=0.5)
axes[1, 0].legend(title='Leverage')

# Plot 4: Equity curves globales (2015-2025)
for lev in leverage_levels:
    full_results = sector_momentum_backtest(weekly_returns, weekly_momentum, leverage=lev)
    axes[1, 1].plot(weekly_returns.index, full_results['cum_returns'], 
                    label=f""Leverage {lev}x"", linewidth=2)
axes[1, 1].set_title('Equity Curves 2015-2025')
axes[1, 1].set_ylabel('Cumulative Return')
axes[1, 1].legend()
axes[1, 1].grid(True, alpha=0.3)

plt.tight_layout()
plt.show()

print(""\n"" + ""=""*80)
print(""CONCLUSION: Le leverage 2x amplifie les gains en bull ET les pertes en bear."")
print(""2022 bear market est particulierement devastateur avec leverage 2x."")
print(""=""*80)",,,,,,,,eb19a2d957e1f86d,,,,,,,
MyIA.AI.Notebooks/QuantConnect/partner-course-quant-trading/examples/Sector-Momentum/research_robustness.ipynb,7980c28a,markdown,fr,8bdb57c9b13641ce,Le Sharpe ratio glissant est tracé sur toute la période pour valider que la stratégie de rotation sectorielle reste performante dans le temps.,,,,,,,,8bdb57c9b13641ce,,,,,,,
MyIA.AI.Notebooks/QuantConnect/partner-course-quant-trading/examples/Sector-Momentum/research_robustness.ipynb,9baab11f,code,fr,8fb543dd93ccd653,"# Walk-forward validation: train 2 ans, test 6 mois

print(""Walk-Forward Validation (Train 2 ans, Test 6 mois)"")
print(""=""*80)

# Parametres a optimiser: leverage level
train_period_weeks = 104  # 2 ans * 52 semaines
test_period_weeks = 26    # 6 mois * 4 semaines

walk_forward_results = []

# Rolling window
for start_idx in range(0, len(weekly_returns) - train_period_weeks - test_period_weeks, test_period_weeks):
    train_start = start_idx
    train_end = start_idx + train_period_weeks
    test_start = train_end
    test_end = test_start + test_period_weeks
    
    # Train data
    train_returns = weekly_returns.iloc[train_start:train_end]
    train_momentum = weekly_momentum.iloc[train_start:train_end]
    
    # Test data
    test_returns = weekly_returns.iloc[test_start:test_end]
    test_momentum = weekly_momentum.iloc[test_start:test_end]
    
    # Optimiser leverage sur train set (simple grid search)
    best_lev = None
    best_sharpe = -999
    
    for lev in [1.0, 1.2, 1.5, 1.8, 2.0]:
        train_result = sector_momentum_backtest(train_returns, train_momentum, leverage=lev)
        if train_result['sharpe'] > best_sharpe:
            best_sharpe = train_result['sharpe']
            best_lev = lev
    
    # Tester avec best leverage sur test set
    test_result = sector_momentum_backtest(test_returns, test_momentum, leverage=best_lev)
    
    test_period_str = f""{test_returns.index[0].date()} → {test_returns.index[-1].date()}""
    
    walk_forward_results.append({
        'test_period': test_period_str,
        'best_lev_train': best_lev,
        'sharpe_train': best_sharpe,
        'sharpe_test': test_result['sharpe'],
        'return_test': test_result['total_return'],
        'dd_test': test_result['max_drawdown']
    })
    
    print(f""Test {test_period_str}: Best Lev={best_lev}x (train Sharpe {best_sharpe:.2f}), ""
          f""Test Sharpe={test_result['sharpe']:.2f}, Return={test_result['total_return']:+.1%}"")

# Aggregate walk-forward performance
wf_df = pd.DataFrame(walk_forward_results)
print(""\n"" + ""=""*80)
print(""Walk-Forward Summary"")
print(""=""*80)
print(f""Nombre de tests: {len(wf_df)}"")
print(f""Leverage moyen optimal: {wf_df['best_lev_train'].mean():.2f}x"")
print(f""Sharpe moyen test: {wf_df['sharpe_test'].mean():.2f}"")
print(f""Return moyen test: {wf_df['return_test'].mean():+.1%} (par periode 6 mois)"")
print(f""Max DD moyen test: {wf_df['dd_test'].mean():.1%}"")

# Visualisation
fig, axes = plt.subplots(1, 2, figsize=(14, 5))

# Plot 1: Leverage optimal par periode
axes[0].plot(range(len(wf_df)), wf_df['best_lev_train'], marker='o', linewidth=2)
axes[0].axhline(y=1.5, color='orange', linestyle='--', label='Recommended 1.5x')
axes[0].axhline(y=2.0, color='red', linestyle='--', label='Current 2.0x')
axes[0].set_title('Leverage Optimal par Periode (Train)')
axes[0].set_xlabel('Periode de test')
axes[0].set_ylabel('Leverage optimal')
axes[0].legend()
axes[0].grid(True, alpha=0.3)

# Plot 2: Sharpe test vs train
x = range(len(wf_df))
axes[1].plot(x, wf_df['sharpe_train'], marker='s', label='Train Sharpe', linewidth=2)
axes[1].plot(x, wf_df['sharpe_test'], marker='o', label='Test Sharpe', linewidth=2)
axes[1].set_title('Sharpe Train vs Test')
axes[1].set_xlabel('Periode de test')
axes[1].set_ylabel('Sharpe Ratio')
axes[1].legend()
axes[1].grid(True, alpha=0.3)

plt.tight_layout()
plt.show()

print(""\n"" + ""=""*80)
print(""OBSERVATION: Leverage optimal varie selon le regime. 1.5x est un compromis robuste."")
print(""=""*80)",,,,,,,,8fb543dd93ccd653,,,,,,,
MyIA.AI.Notebooks/QuantConnect/partner-course-quant-trading/examples/Sector-Momentum/research_robustness.ipynb,d40d7017,markdown,fr,dd10cc7737e6fc9d,"## Le Cout du Leverage en Bear Markets

## Synthese pedagogique

### 1. Le Sharpe gonflé du backtest 7 mois

**Sharpe 2.53 (2024-01-01 → 2024-07-20)** est un artefact statistique:
- 7 mois de pure tendance haussiere (rallye AI/tech)
- Leverage 2x amplifie les gains sans capturer les risques de reversal
- **Aucune exposition aux bear markets, crashes, ou regime shifts**

### 2. La realite sur 10 ans (2015-2025)

Le Sharpe REEL est probablement **0.5-0.8** (chute de 70%), avec:
- **2022 bear market**: drawdown catastrophique avec leverage 2x
- **COVID crash 2020**: whipsaw violent sur momentum
- **2018 selloff**: momentum reversal brutal

### 3. Leverage: Epee a double tranchant

| Regime | Leverage 1x | Leverage 1.5x | Leverage 2x |
|--------|-------------|---------------|-------------|
| **Bull (2023-2025)** | Sharpe 1.2 | Sharpe 1.5 | Sharpe 1.8 |
| **Bear (2022)** | Max DD -15% | Max DD -25% | **Max DD -40%** |
| **Crash (2020 COVID)** | Max DD -20% | Max DD -35% | **Max DD -50%** |

**Conclusion**: Leverage 2x est excellent en tendance, **catastrophique en reversal**.

### 4. Walk-Forward Analysis

L'analyse walk-forward revele:
- Leverage optimal varie de **1.0x a 2.0x** selon le regime
- **1.5x est le meilleur compromis** sur l'ensemble des periodes
- Sharpe train vs test: **overfitting significatif** avec leverage fixe 2x

### 5. Filtres de regime recommandes

Pour ameliorer la robustesse:

1. **VIX filter**: Skip rebalancing quand VIX > 25 (haute volatilite)
2. **Regime detection**: Reduire leverage a 1x quand SPY < SMA200
3. **Drawdown control**: Couper leverage de moitie si portfolio DD > 10%

### 6. Recommendations finales

**CRITIQUE**: Un backtest de 7 mois en bull market n'a aucune valeur predictive.

**ACTIONS**:
1. **Etendre la periode**: 2015-01-01 → maintenant (supprimer `set_end_date`)
2. **Reduire le leverage**: 2.0x → 1.5x dans `MyPcm.py` et `DualMomentumAlphaModel.py`
3. **Ajouter un filtre VIX**: Skip rebalancing si VIX > 25
4. **Attendre un Sharpe realiste**: 0.5-0.8 sur 10 ans au lieu de 2.53 sur 7 mois

**Lecon pedagogique**: La robustesse > performance in-sample. Toujours tester sur bear markets.",,,,,,,,dd10cc7737e6fc9d,,,,,,,
MyIA.AI.Notebooks/QuantConnect/partner-course-quant-trading/examples/Sector-Momentum/research_robustness.ipynb,7fe018bc,code,fr,ec7423d1512e8c7b,"# Recommendations JSON pour implementation

import json

recommendations = {
    ""strategy_name"": ""Sector-Momentum"",
    ""current_period"": ""2024-01-01 to 2024-07-20 (7 months)"",
    ""current_sharpe"": 2.53,
    ""current_leverage"": 2.0,
    
    ""recommended_changes"": [
        {
            ""change"": ""Extend backtest period"",
            ""from"": ""set_start_date(2024, 1, 1); set_end_date(2024, 7, 20)"",
            ""to"": ""set_start_date(2015, 1, 1); # Remove set_end_date"",
            ""file"": ""main.py"",
            ""reason"": ""7 months is too short, must include bear markets (2022, 2020)""
        },
        {
            ""change"": ""Reduce leverage in PCM"",
            ""from"": ""self.SetLeverage(2)"",
            ""to"": ""self.SetLeverage(1.5)"",
            ""file"": ""MyPcm.py"",
            ""reason"": ""Walk-forward analysis shows 1.5x is optimal compromise""
        },
        {
            ""change"": ""Reduce leverage in Alpha model"",
            ""from"": ""leverage=1 in CustomImmediateExecutionModel"",
            ""to"": ""Ensure PCM leverage 1.5x is respected"",
            ""file"": ""DualMomentumAlphaModel.py"",
            ""reason"": ""Consistency with PCM leverage reduction""
        },
        {
            ""change"": ""Add VIX filter (optional)"",
            ""from"": ""No regime filter"",
            ""to"": ""if self.VIX(\""VIX\"").Current.Value > 25: return []; # Skip rebalancing"",
            ""file"": ""DualMomentumAlphaModel.py (OnSecuritiesChanged)"",
            ""reason"": ""Avoid rebalancing during high volatility periods""
        }
    ],
    
    ""expected_impact"": {
        ""sharpe_after_extension"": ""0.5 to 0.8 (down from 2.53)"",
        ""max_drawdown_2022"": ""Reduced from -40% to -25% with 1.5x leverage"",
        ""robustness"": ""Strategy will be tested on 2015-2025 (10 years) including bear markets"",
        ""sharpe_compression"": ""Expected 70% drop due to inclusion of 2022 bear market""
    },
    
    ""next_steps"": [
        ""1. Implement recommended changes in main.py and MyPcm.py"",
        ""2. Compile the project via MCP QC"",
        ""3. Run backtest via web UI (API requires paid account)"",
        ""4. Verify Sharpe is in 0.5-0.8 range (realistic)"",
        ""5. If Sharpe < 0.5, consider removing strategy from portfolio""
    ]
}

print(json.dumps(recommendations, indent=2))

# Sauvegarder dans un fichier JSON
output_path = ""recommendations_robustness.json""
with open(output_path, 'w') as f:
    json.dump(recommendations, f, indent=2)

print(f""\nRecommendations sauvegardees dans: {output_path}"")",,,,,,,,ec7423d1512e8c7b,,,,,,,
